{"stat.chestOpened":4,"stat.walkOneCm":75211,"stat.useItem.minecraft.lever":4,"stat.pickup.minecraft.sign":4,"stat.pickup.minecraft.end_portal_frame":1,"stat.useItem.minecraft.egg":8,"stat.pickup.minecraft.fireworks":64,"stat.useItem.minecraft.flint_and_steel":2,"stat.leaveGame":1,"stat.brewingstandInteraction":1,"stat.damageTaken":240,"stat.mobKills":1,"stat.useItem.minecraft.diamond_sword":12,"stat.aviateOneCm":338136,"stat.flyOneCm":1800863,"stat.pickup.minecraft.lever":7,"stat.deaths":6,"stat.useItem.minecraft.ender_pearl":3,"stat.jump":206,"stat.playOneMinute":53219,"stat.climbOneCm":779,"stat.sneakTime":1729,"stat.damageDealt":771,"stat.shulkerBoxOpened":1,"stat.crouchOneCm":2907,"stat.sleepInBed":7,"stat.timeSinceDeath":18835,"stat.sprintOneCm":10539,"stat.useItem.minecraft.stone_slab2":528,"stat.useItem.minecraft.fireworks":2,"stat.craftingTableInteraction":13}