{"stat.useItem.minecraft.bow":1,"stat.flyOneCm":399022,"stat.deaths":2,"stat.walkOneCm":28661,"stat.jump":52,"stat.playOneMinute":20597,"stat.leaveGame":1,"stat.sneakTime":878,"stat.damageTaken":480,"stat.damageDealt":6,"stat.crouchOneCm":977,"stat.pickup.minecraft.rail":1,"stat.timeSinceDeath":12690,"stat.sprintOneCm":5576,"stat.mobKills":1,"stat.useItem.minecraft.stone_slab2":78,"stat.minecartOneCm":1374,"stat.aviateOneCm":24305,"stat.useItem.minecraft.fireworks":3,"stat.craftingTableInteraction":4}